{"mean":{"confidence_interval":{"confidence_level":0.95,"lower_bound":-0.042165272053663064,"upper_bound":0.0028801539139183758},"point_estimate":-0.015579995853338913,"standard_error":0.012031502767373352},"median":{"confidence_interval":{"confidence_level":0.95,"lower_bound":-0.0006919427854141791,"upper_bound":0.0020332372165701162},"point_estimate":0.000392418044690368,"standard_error":0.0007015859886092695}}