{"mean":{"confidence_interval":{"confidence_level":0.95,"lower_bound":-0.0013368219837283618,"upper_bound":0.0009362458471120549},"point_estimate":-0.0001967097422902464,"standard_error":0.0005788362148250155},"median":{"confidence_interval":{"confidence_level":0.95,"lower_bound":-0.0008576971936054001,"upper_bound":0.001835770340953946},"point_estimate":0.0005428831077065599,"standard_error":0.0006879365833398266}}