{"mean":{"confidence_interval":{"confidence_level":0.95,"lower_bound":-0.00032211392569647375,"upper_bound":0.002679498539038697},"point_estimate":0.0012589260154316495,"standard_error":0.0007646282412146943},"median":{"confidence_interval":{"confidence_level":0.95,"lower_bound":0.00029591681253471336,"upper_bound":0.0025129532747727445},"point_estimate":0.0014096322536427675,"standard_error":0.0005712766834750256}}