{"mean":{"confidence_interval":{"confidence_level":0.95,"lower_bound":301098.89937607956,"upper_bound":302403.5518508705},"point_estimate":301698.4332884655,"standard_error":333.73462741099337},"median":{"confidence_interval":{"confidence_level":0.95,"lower_bound":301020.26369863015,"upper_bound":301986.7668918919},"point_estimate":301579.1084449405,"standard_error":260.683863154486},"median_abs_dev":{"confidence_interval":{"confidence_level":0.95,"lower_bound":1215.762255342287,"upper_bound":2166.0199649474903},"point_estimate":1621.7917180023346,"standard_error":240.1340420979972},"slope":{"confidence_interval":{"confidence_level":0.95,"lower_bound":301283.4114179946,"upper_bound":303604.6469981732},"point_estimate":302171.29397074034,"standard_error":633.151139145833},"std_dev":{"confidence_interval":{"confidence_level":0.95,"lower_bound":1845.3543922534416,"upper_bound":4764.855196698527},"point_estimate":3355.720359806389,"standard_error":767.5515030449817}}